town,trade,issued_date,street_masked,valuation
Hanson,Renovation/Remodel,2026-08-27,Brook St,
Hanson,Renovation/Remodel,2026-08-27,Cross St,
Hanson,Electrical,2026-08-27,Arlene St,
Hanson,Renovation/Remodel,2026-08-27,Indian Head St,
Hanson,Electrical,2026-08-27,Indian Head St,
Hanson,Plumbing,2026-08-27,Main St,
Hanson,Gas,2026-08-26,Liberty St,
Hanson,Plumbing,2026-08-26,Princeton Way,
Hanson,Renovation/Remodel,2026-08-26,Maquan St,
Hanson,Renovation/Remodel,2026-08-26,King St,
Hanson,Plumbing,2026-08-25,William Way,
Hanson,Electrical,2026-08-25,Winter Ter,
Hanson,Electrical,2026-08-25,William Way,
Hanson,Electrical,2026-08-24,Helen Dr,
Hanson,Sign/Awning,2026-08-24,Indian Head St,
Hanson,Electrical,2026-08-24,Lakeside Rd,
Hanson,Renovation/Remodel,2026-08-21,Crescent Pl,
Hanson,Renovation/Remodel,2026-08-21,Brookside Dr,
Hanson,Renovation/Remodel,2026-08-21,Captain Nathaniel Dr,
Hanson,Renovation/Remodel,2026-08-20,Monponsett St,
Hanson,Electrical,2026-08-20,Fairwood Dr,
Hanson,HVAC,2026-08-19,Ocean Av,
Hanson,Renovation/Remodel,2026-08-19,Fairwood Dr,
Hanson,Renovation/Remodel,2026-08-19,Whitman St,
Hanson,Electrical,2026-08-19,Catherine Rd,
Hanson,Electrical,2026-08-19,Ocean Av,
Hanson,Renovation/Remodel,2026-08-18,Reed St,
Hanson,Plumbing,2026-08-18,Main St,
Hanson,Renovation/Remodel,2026-08-17,Rosewood Dr,
Hanson,Renovation/Remodel,2026-08-17,Reed St,
Hanson,Renovation/Remodel,2026-08-17,Pleasant St,
Hanson,Electrical,2026-08-17,Brook St,
Hanson,HVAC,2026-08-17,State St,
Hanson,HVAC,2026-08-16,Tavern Way,
Hanson,Electrical,2026-08-15,West Washington St,
Hanson,Electrical,2026-08-15,Franklin St,
Hanson,Electrical,2026-08-14,Brook St,
Hanson,Plumbing,2026-08-14,William Way,
Hanson,Plumbing,2026-08-14,Davis Rd,
Hanson,Renovation/Remodel,2026-08-14,Acorn Rd,
Hanson,Renovation/Remodel,2026-08-14,Milford St,
Hanson,Plumbing,2026-08-14,Stonebridge Dr,
Hanson,Gas,2026-08-14,Stonebridge Dr,
Hanson,Electrical,2026-08-13,Main St,
Hanson,Gas,2026-08-12,Lakeside Ter,
Hanson,Gas,2026-08-12,Great Cedar Dr,
Hanson,Gas,2026-08-12,Charles St,
Hanson,Plumbing,2026-08-12,Main St,
Hanson,Plumbing,2026-08-12,Fallon Pnt,
Hanson,Plumbing,2026-08-12,Acorn Rd,
Hanson,Renovation/Remodel,2026-08-12,Fallon Pnt,
Hanson,Plumbing,2026-08-11,Forest Trl,
Hanson,Renovation/Remodel,2026-08-11,Forest Trl,
Hanson,Renovation/Remodel,2026-08-11,East Washington St,
Hanson,Electrical,2026-08-11,William Way,
Hanson,Plumbing,2026-08-11,East Washington St,
Hanson,Gas,2026-08-10,State St,
Hanson,Renovation/Remodel,2026-08-10,Fairwood Dr,
Hanson,Renovation/Remodel,2026-08-10,East Washington St,
Hanson,Gas,2026-08-10,West Washington St,
Hanson,Plumbing,2026-08-10,West Washington St,
Hanson,Plumbing,2026-08-10,State St,
Hanson,Renovation/Remodel,2026-08-07,Woodman Ter,
Hanson,Plumbing,2026-08-07,Charles St,
Hanson,Renovation/Remodel,2026-08-07,Main St,
Hanson,Renovation/Remodel,2026-08-06,Gorwin Dr,
Hanson,Electrical,2026-08-06,Main St,
Hanson,Renovation/Remodel,2026-08-06,Puritan Dr,
Hanson,Renovation/Remodel,2026-08-05,Lakeside Rd,
Hanson,Gas,2026-08-05,State St,
Hanson,Plumbing,2026-08-04,Partridge Way,
Hanson,Renovation/Remodel,2026-08-04,Pine Grove Av,
Hanson,Renovation/Remodel,2026-08-04,Woodman Ter,
Hanson,Renovation/Remodel,2026-08-04,William Way,
Hanson,Building,2026-08-04,Franklin St,
Hanson,HVAC,2026-08-03,Charles St,
Hanson,Building,2026-08-03,Main St,
Hanson,Plumbing,2026-08-03,Pleasant St,
Hanson,Renovation/Remodel,2026-08-03,Brook Bend Rd,
Hanson,Electrical,2026-08-03,Carriage Rd,
Hanson,Renovation/Remodel,2026-08-03,Main St,
Hanson,Electrical,2026-07-31,Crescent Pl,
Hanson,Renovation/Remodel,2026-07-31,Indian Pth,
Hanson,Renovation/Remodel,2026-07-31,Captain Nathaniel Dr,
Hanson,Electrical,2026-07-31,Indian Pth,
Hanson,HVAC,2026-07-30,Crescent Pl,
Hanson,Renovation/Remodel,2026-07-30,Pleasant St,
Hanson,Gas,2026-07-30,Pleasant St,
Hanson,Plumbing,2026-07-30,Pleasant St,
Hanson,Gas,2026-07-30,Stonebridge Dr,
Hanson,Plumbing,2026-07-30,Sandy Ln,
Hanson,Electrical,2026-07-29,Woodbine Av,
Hanson,Building,2026-07-29,Main St,
Hanson,Electrical,2026-07-29,Bayberry Rd,
Hanson,Plumbing,2026-07-28,Wagon Trl,
Hanson,Gas,2026-07-28,Wagon Trl,
Hanson,Electrical,2026-07-28,Franklin St,
Hanson,Electrical,2026-07-28,West Washington St,
Hanson,Electrical,2026-07-27,State St,
Hanson,Electrical,2026-07-27,Woodbine Av,
Hanson,Renovation/Remodel,2026-07-27,Holmes St,
Hanson,Gas,2026-07-24,Tavern Way,
Hanson,Renovation/Remodel,2026-07-22,Woodbrook Ln,
Hanson,HVAC,2026-07-22,Perry Av,
Hanson,Electrical,2026-07-22,Wagon Trl,
Hanson,Electrical,2026-07-21,Whitman St,
Hanson,Plumbing,2026-07-21,Whitman St,
Hanson,Renovation/Remodel,2026-07-20,Holmes Ter,
Hanson,Electrical,2026-07-20,Princeton Way,
Hanson,Plumbing,2026-07-20,Wagon Trl,
Hanson,Gas,2026-07-20,Winter St,
Hanson,Plumbing,2026-07-20,Winter St,
Hanson,Electrical,2026-07-18,Perry Av,
Hanson,Renovation/Remodel,2026-07-16,Main St,
Hanson,Renovation/Remodel,2026-07-16,East Washington St,
Hanson,Building,2026-07-16,Liberty St,
Hanson,Renovation/Remodel,2026-07-16,William Way,
Hanson,Plumbing,2026-07-16,East Washington St,
Hanson,Renovation/Remodel,2026-07-16,Oak St,
Hanson,Renovation/Remodel,2026-07-15,Deer Hill Rd,
Hanson,Renovation/Remodel,2026-07-14,Lakeside Rd,
Hanson,Renovation/Remodel,2026-07-14,Hill St,
Hanson,Renovation/Remodel,2026-07-14,Winter St,
Hanson,Renovation/Remodel,2026-07-14,Partridge Way,
Hanson,Gas,2026-07-14,Squantum Av,
Hanson,Renovation/Remodel,2026-07-14,Glenwood Pl,
Hanson,Renovation/Remodel,2026-07-13,Maquan St,
Hanson,Electrical,2026-07-13,Squantum Av,
Hanson,Electrical,2026-07-13,Winter St,
Hanson,Renovation/Remodel,2026-07-10,Wagon Trl,
Hanson,Renovation/Remodel,2026-07-09,Progress Waye,
Hanson,Gas,2026-07-09,Woodbine Av,
Hanson,Electrical,2026-07-09,Winslow Dr,
Hanson,Renovation/Remodel,2026-07-09,Brook St,
Hanson,Electrical,2026-07-08,Bayberry Rd,
Hanson,Renovation/Remodel,2026-07-08,Gorwin Dr,
Hanson,Gas,2026-07-08,Buttercup Cir,
Hanson,Electrical,2026-07-07,Deer Hill Rd,
Hanson,Electrical,2026-07-06,Pleasant St,
Hanson,Renovation/Remodel,2026-07-02,Franklin St,
Hanson,Gas,2026-07-02,State St,
Hanson,Electrical,2026-07-02,Franklin St,
Hanson,Renovation/Remodel,2026-07-02,Holly Ridge Dr,
Hanson,Electrical,2026-07-02,Holly Ridge Dr,
Hanson,Electrical,2026-07-01,Puritan Dr,
Hanson,Renovation/Remodel,2026-07-01,Puritan Dr,
Hanson,Renovation/Remodel,2026-07-01,Wagon Trl,
Hanson,Renovation/Remodel,2026-07-01,Elm Pl,
Hanson,Electrical,2026-07-01,Elm Pl,
Hanson,Gas,2026-07-01,Lakeside Rd,
Hanson,Renovation/Remodel,2026-06-30,Commons Ln,
Hanson,Electrical,2026-06-30,Gorwin Dr,
Hanson,Renovation/Remodel,2026-06-30,High St,
Hanson,Plumbing,2026-06-30,Woodman Ter,
Hanson,Renovation/Remodel,2026-06-30,Bonney Hill Ln,
Hanson,Renovation/Remodel,2026-06-30,Birchbark Dr,
Hanson,Electrical,2026-06-29,High St,
Hanson,Renovation/Remodel,2026-06-29,Reed St,
Hanson,Electrical,2026-06-29,West Washington St,
Hanson,Electrical,2026-06-29,West St,
Hanson,Renovation/Remodel,2026-06-28,Arlene St,
Hanson,Electrical,2026-06-27,Pleasant St,
Hanson,Gas,2026-06-26,Captain Nathaniel Dr,
Hanson,Gas,2026-06-25,Monponsett St,
Hanson,Gas,2026-06-25,Winslow Dr,
Hanson,Electrical,2026-06-24,Crescent Pl,
Hanson,Gas,2026-06-24,High St,
Hanson,Plumbing,2026-06-24,High St,
Hanson,Renovation/Remodel,2026-06-24,Waltham St,
Hanson,Electrical,2026-06-23,Gorwin Dr,
Hanson,Renovation/Remodel,2026-06-23,Monponsett St,
Hanson,Renovation/Remodel,2026-06-23,Gorwin Dr,
Hanson,Plumbing,2026-06-23,Main St,
Hanson,Electrical,2026-06-22,Forest Trl,
Hanson,Gas,2026-06-22,Pleasant St,
Hanson,Electrical,2026-06-22,Charles St,
Hanson,Plumbing,2026-06-22,Pleasant St,
Hanson,Renovation/Remodel,2026-06-22,Pleasant St,
Hanson,Renovation/Remodel,2026-06-22,Phillips St,
Hanson,Electrical,2026-06-22,Surrey Ln,
Hanson,Electrical,2026-06-22,King St,
Hanson,Renovation/Remodel,2026-06-22,Forest Trl,
Hanson,Gas,2026-06-19,Woodbine Av,
Hanson,Electrical,2026-06-19,Franklin St,
Hanson,Renovation/Remodel,2026-06-19,Glenwood Pl,
Hanson,Electrical,2026-06-19,Pleasant St,
Hanson,Electrical,2026-06-18,Phillips St,
Hanson,Building,2026-06-18,Phillips St,
Hanson,Renovation/Remodel,2026-06-18,West Washington St,
Hanson,Renovation/Remodel,2026-06-17,Morton St,
Hanson,Plumbing,2026-06-17,Indian Head St,
Hanson,Renovation/Remodel,2026-06-17,Pine Grove Av,
Hanson,Renovation/Remodel,2026-06-17,Main St,
Hanson,Electrical,2026-06-16,Monponsett St,
Hanson,Renovation/Remodel,2026-06-16,Main St,
Hanson,Electrical,2026-06-16,Milford St,
Hanson,Renovation/Remodel,2026-06-16,Monponsett St,
Hanson,Renovation/Remodel,2026-06-16,Surrey Ln,
Hanson,Renovation/Remodel,2026-06-15,Pierce Av,
Hanson,Building,2026-06-13,Monponsett St,
Hanson,Plumbing,2026-06-12,Elm St,
Hanson,Electrical,2026-06-12,High St,
Hanson,Electrical,2026-06-12,Davis Rd,
Hanson,Electrical,2026-06-12,West Washington St,
Hanson,Renovation/Remodel,2026-06-11,Monponsett St,
Hanson,Renovation/Remodel,2026-06-11,Gorwin Dr,
Hanson,Gas,2026-06-11,Pleasant St,
Hanson,Plumbing,2026-06-11,Maquan St,
Hanson,Plumbing,2026-06-11,Monponsett St,
Hanson,Renovation/Remodel,2026-06-10,Main St,
Hanson,Electrical,2026-06-10,Pleasant St,
Hanson,Electrical,2026-06-10,Country Ln,
Hanson,Renovation/Remodel,2026-06-09,Andrew Ln,
Hanson,Electrical,2026-06-09,Woodbine Av,
Hanson,Plumbing,2026-06-09,Wagon Trl,
Hanson,Electrical,2026-06-08,Rollercoaster Rd,
Hanson,Renovation/Remodel,2026-06-08,Davis Rd,
Hanson,Gas,2026-06-08,Country Ln,
Hanson,Renovation/Remodel,2026-06-07,State St,
Hanson,Renovation/Remodel,2026-06-04,Union Park St,
Hanson,Renovation/Remodel,2026-06-04,Jereva Rd,
Hanson,Electrical,2026-06-04,William Way,
Hanson,Gas,2026-06-04,Indian Head St,
Hanson,Electrical,2026-06-04,Wagon Trl,
Hanson,Renovation/Remodel,2026-06-04,Whitman St,
Hanson,Electrical,2026-06-04,Birchbark Dr,
Hanson,Renovation/Remodel,2026-06-03,Whitman St,
Hanson,Electrical,2026-06-03,Progress Waye,
Hanson,Electrical,2026-06-03,State St,
Hanson,Renovation/Remodel,2026-06-03,Progress Waye,
Hanson,Plumbing,2026-06-02,Ocean Av,
Hanson,Renovation/Remodel,2026-06-02,Brook St,
Hanson,Renovation/Remodel,2026-06-02,Holmes St,
Hanson,Plumbing,2026-06-02,Main St,
Hanson,Gas,2026-06-02,Tavern Way,
Hanson,Gas,2026-06-02,Ocean Av,
Hanson,Electrical,2026-06-02,Holly Ridge Dr,
Hanson,Gas,2026-06-01,Pleasant St,
Hanson,Gas,2026-06-01,Franklin St,
Hanson,Electrical,2026-06-01,Main St,
Hanson,Renovation/Remodel,2026-06-01,William Way,
Hanson,Renovation/Remodel,2026-05-31,Pleasant St,
Hanson,Renovation/Remodel,2026-05-30,Captain Nathaniel Dr,
Hanson,Renovation/Remodel,2026-05-29,Phillips St,
Hanson,Renovation/Remodel,2026-05-29,Whitman St,
Hanson,Renovation/Remodel,2026-05-28,Main St,
Hanson,Gas,2026-05-28,Gorwin Dr,
Hanson,Renovation/Remodel,2026-05-28,Charles St,
Hanson,Gas,2026-05-27,Gorwin Dr,
Hanson,Renovation/Remodel,2026-05-27,Indian Trl,
Hanson,Electrical,2026-05-27,Monponsett St,
Hanson,Renovation/Remodel,2026-05-27,Whitman St,
Hanson,Renovation/Remodel,2026-05-26,Rollercoaster Rd,
Hanson,Renovation/Remodel,2026-05-26,County Rd,
Hanson,Renovation/Remodel,2026-05-26,Wagon Trl,
Hanson,Plumbing,2026-05-24,Pierce Av,
Hanson,Gas,2026-05-24,Pierce Av,
Hanson,Renovation/Remodel,2026-05-22,Princeton Way,
Hanson,Electrical,2026-05-21,Brook Bend Rd,
Hanson,Renovation/Remodel,2026-05-21,Winter St,
Hanson,Sign/Awning,2026-05-21,Main St,
Hanson,Renovation/Remodel,2026-05-20,Woodbine Avenue Ext,
Hanson,Renovation/Remodel,2026-05-20,Pleasant St,
Hanson,Electrical,2026-05-20,Indian Head St,
Hanson,HVAC,2026-05-19,Liberty St,
Hanson,Electrical,2026-05-19,East Washington St,
Hanson,Electrical,2026-05-18,Brookside Dr,
Hanson,Renovation/Remodel,2026-05-18,Lexington St,
Hanson,Renovation/Remodel,2026-05-18,Spring St,
Hanson,Renovation/Remodel,2026-05-18,Brook St,
Hanson,Renovation/Remodel,2026-05-18,Harvey Cir,
Hanson,Renovation/Remodel,2026-05-18,Robinson St,
Hanson,Renovation/Remodel,2026-05-18,Brookside Dr,
Hanson,Electrical,2026-05-16,Indian Head St,
Hanson,Renovation/Remodel,2026-05-15,Maquan St,
Hanson,Gas,2026-05-15,Pine Grove Av,
Hanson,Electrical,2026-05-15,Elm St,
Hanson,Electrical,2026-05-15,Lexington St,
Hanson,Renovation/Remodel,2026-05-15,Crescent Pl,
Hanson,Renovation/Remodel,2026-05-14,Indian Head St,
Hanson,Electrical,2026-05-14,Sandy Ln,
Hanson,HVAC,2026-05-14,Pine Grove Av,
Hanson,Renovation/Remodel,2026-05-14,Pierce Av,
Hanson,Renovation/Remodel,2026-05-13,Milford St,
Hanson,Renovation/Remodel,2026-05-13,Forest Trl,
Hanson,Renovation/Remodel,2026-05-12,Hillcrest Rd,
Hanson,Renovation/Remodel,2026-05-11,Ocean Av,
Hanson,Electrical,2026-05-10,Crescent Pl,
Hanson,Plumbing,2026-05-08,Pine Grove Av,
Hanson,Gas,2026-05-08,Pine Grove Av,
Hanson,Renovation/Remodel,2026-05-08,Main St,
Hanson,Gas,2026-05-07,Catherine Rd,
Hanson,Plumbing,2026-05-07,Milford St,
Hanson,Renovation/Remodel,2026-05-07,Commons Ln,
Hanson,Plumbing,2026-05-07,Catherine Rd,
Hanson,Renovation/Remodel,2026-05-07,Whitman St,
Hanson,Electrical,2026-05-06,King St,
Hanson,Renovation/Remodel,2026-05-06,Indian Head St,
Hanson,Electrical,2026-05-06,Ransom Road,
Hanson,Building,2026-05-05,Main St,
Hanson,Renovation/Remodel,2026-05-05,High St,
Hanson,Renovation/Remodel,2026-05-05,Winter St,
Hanson,Electrical,2026-05-05,Woodbine Av,
Hanson,Renovation/Remodel,2026-05-05,Princeton Way,
Hanson,Plumbing,2026-05-05,Woodbine Av,
Hanson,Electrical,2026-05-05,Cross St,
Hanson,Plumbing,2026-05-04,Sleigh Dr,
Hanson,Gas,2026-05-04,Winter Ter,
Hanson,Renovation/Remodel,2026-05-04,Pleasant St,
Hanson,Other,2026-05-04,Lakeside Rd,
Hanson,Renovation/Remodel,2026-05-04,Arrowhead Dr,
Hanson,Electrical,2026-05-04,Liberty St,
Hanson,Renovation/Remodel,2026-05-04,Carriage Rd,
Hanson,Renovation/Remodel,2026-05-03,Deer Hill Rd,
Hanson,Renovation/Remodel,2026-05-01,East Washington St,
Hanson,Plumbing,2026-05-01,Ransom Road,
Hanson,Electrical,2026-05-01,Crescent St,
Hanson,Renovation/Remodel,2026-05-01,Crescent St,
Hanson,Renovation/Remodel,2026-04-30,Pleasant St,
Hanson,Renovation/Remodel,2026-04-30,Sandy Ln,
Hanson,Gas,2026-04-30,Independence Av,
Hanson,Plumbing,2026-04-29,Winter Ter,
Hanson,Gas,2026-04-29,Winter Ter,
Hanson,Renovation/Remodel,2026-04-29,West Washington St,
Hanson,Renovation/Remodel,2026-04-29,Spring St,
Hanson,Plumbing,2026-04-28,West Washington St,
Hanson,Renovation/Remodel,2026-04-28,High St,
Hanson,Electrical,2026-04-28,West Washington St,
Hanson,Renovation/Remodel,2026-04-27,Pratt Pl,
Hanson,Electrical,2026-04-27,Crooker Pl,
Hanson,Gas,2026-04-27,Gorwin Dr,
Hanson,Renovation/Remodel,2026-04-27,Crooker Pl,
Hanson,Plumbing,2026-04-27,Gorwin Dr,
Hanson,Electrical,2026-04-26,Brook Bend Rd,
Hanson,Electrical,2026-04-24,State St,
Hanson,Renovation/Remodel,2026-04-24,Rollercoaster Rd,
Hanson,Renovation/Remodel,2026-04-24,Maquan St,
Hanson,Gas,2026-04-24,Brook Bend Rd,
Hanson,Electrical,2026-04-23,Wagon Trl,
Hanson,Renovation/Remodel,2026-04-22,West Washington St,
Hanson,Electrical,2026-04-22,Pratt Pl,
Hanson,Electrical,2026-04-22,Fairwood Dr,
Hanson,Renovation/Remodel,2026-04-22,Fairwood Dr,
Hanson,Renovation/Remodel,2026-04-22,High St,
Hanson,Plumbing,2026-04-21,Indian Head St,
Hanson,Renovation/Remodel,2026-04-21,East Washington St,
Hanson,Plumbing,2026-04-21,Whitman St,
Hanson,Renovation/Remodel,2026-04-21,Helen Dr,
Hanson,Electrical,2026-04-21,Winter St,
Hanson,Renovation/Remodel,2026-04-21,Gorwin Dr,
Hanson,Renovation/Remodel,2026-04-21,Wagon Trl,
Hanson,Renovation/Remodel,2026-04-20,Pleasant St,
Hanson,Gas,2026-04-18,Milford St,
Hanson,Gas,2026-04-17,William Way,
Hanson,Plumbing,2026-04-17,William Way,
Hanson,Renovation/Remodel,2026-04-16,Lexington St,
Hanson,Renovation/Remodel,2026-04-16,Whitman St,
Hanson,Renovation/Remodel,2026-04-16,Sleigh Dr,
Hanson,Electrical,2026-04-16,Monponsett St,
Hanson,Electrical,2026-04-15,Elm St,
Hanson,Renovation/Remodel,2026-04-15,Elm St,
Hanson,Electrical,2026-04-15,Pine Grove Av,
Hanson,Building,2026-04-15,Liberty St,
Hanson,Renovation/Remodel,2026-04-13,Woodman Ter,
Hanson,Renovation/Remodel,2026-04-13,Indian Head St,
Hanson,Electrical,2026-04-13,Liberty St,
Hanson,HVAC,2026-04-13,Blueberry Lane,
Hanson,Electrical,2026-04-09,Pleasant St,
Hanson,Renovation/Remodel,2026-04-09,High St,
Hanson,Renovation/Remodel,2026-04-09,Big Rock Ln,
Hanson,Renovation/Remodel,2026-04-08,Brook St,
Hanson,Plumbing,2026-04-08,West Washington St,
Hanson,HVAC,2026-04-08,Glenwood Pl,
Hanson,Electrical,2026-04-08,Big Rock Ln,
Hanson,Other,2026-04-08,Meadow Ln,
Hanson,Gas,2026-04-08,West Washington St,
Hanson,HVAC,2026-04-07,Woodbine Av,
Hanson,Renovation/Remodel,2026-04-07,South St,
Hanson,Renovation/Remodel,2026-04-06,Indian Head St,
Hanson,Plumbing,2026-04-06,Brook Bend Rd,
Hanson,Renovation/Remodel,2026-04-06,East Washington St,
Hanson,Plumbing,2026-04-06,Phillips St,
Hanson,Electrical,2026-04-06,Brook Bend Rd,
Hanson,Electrical,2026-04-06,Pleasant St,
Hanson,Building,2026-04-03,County Rd,
Hanson,Renovation/Remodel,2026-04-03,Hancock St,
Hanson,Gas,2026-04-03,Waltham St,
Hanson,Renovation/Remodel,2026-04-03,Indian Head St,
Hanson,Plumbing,2026-04-02,Crescent Pl,
Hanson,Gas,2026-04-02,Crescent Pl,
Hanson,Renovation/Remodel,2026-04-02,Monponsett St,
Hanson,Renovation/Remodel,2026-04-02,Gorwin Dr,
Hanson,Gas,2026-04-02,Franklin St,
Hanson,Building,2026-04-01,Monponsett St,
Hanson,Electrical,2026-04-01,Live Oak Way,
Hanson,Plumbing,2026-04-01,Gorwin Dr,
Hanson,Gas,2026-04-01,Beatrice Ln,
Hanson,Plumbing,2026-04-01,Spring St,
Hanson,Gas,2026-04-01,Gorwin Dr,
Hanson,Electrical,2026-04-01,Winter St,
Hanson,Renovation/Remodel,2026-03-31,Spring St,
Hanson,Renovation/Remodel,2026-03-31,Adams Cir,
Hanson,Plumbing,2026-03-31,Live Oak Way,
Hanson,Gas,2026-03-31,Main St,
Hanson,Renovation/Remodel,2026-03-31,Cranberry Rd,
Hanson,Gas,2026-03-31,Live Oak Way,
Hanson,Electrical,2026-03-30,Howland Trail,
Hanson,Plumbing,2026-03-30,Brook Bend Rd,
Hanson,Building,2026-03-30,Main St,
Hanson,Renovation/Remodel,2026-03-30,Howland Trail,
Hanson,Renovation/Remodel,2026-03-29,Blueberry,
Hanson,Renovation/Remodel,2026-03-28,Brook Bend Rd,
Hanson,Plumbing,2026-03-27,Main St,
Hanson,Renovation/Remodel,2026-03-27,Joshua Ln,
Hanson,Renovation/Remodel,2026-03-27,Liberty St,
Hanson,Renovation/Remodel,2026-03-26,Union Park St,
Hanson,Renovation/Remodel,2026-03-26,Deer Hill Rd,
Hanson,HVAC,2026-03-26,Main St,
Hanson,Renovation/Remodel,2026-03-26,Pleasant St,
Hanson,Building,2026-03-26,Main St,
Hanson,Renovation/Remodel,2026-03-26,Spring St,
Hanson,Renovation/Remodel,2026-03-25,Santos Ct,
Hanson,Plumbing,2026-03-25,Liberty Cir,
Hanson,Renovation/Remodel,2026-03-24,Donna Dr,
Hanson,Renovation/Remodel,2026-03-24,County Rd,
Hanson,Renovation/Remodel,2026-03-24,Maquan St,
Hanson,Gas,2026-03-23,Monponsett St,
Hanson,Renovation/Remodel,2026-03-23,Maquan St,
Hanson,Electrical,2026-03-23,Thayer Dr,
Hanson,Electrical,2026-03-23,Main St,
Hanson,Plumbing,2026-03-23,Monponsett St,
Hanson,Electrical,2026-03-21,Wilkie Ter,
Hanson,Electrical,2026-03-20,Independence Av,
Hanson,Electrical,2026-03-20,Waltham St,
Hanson,Renovation/Remodel,2026-03-20,Glenwood Pl,
Hanson,Plumbing,2026-03-20,Glenwood Pl,
Hanson,Renovation/Remodel,2026-03-20,Main St,
Hanson,Renovation/Remodel,2026-03-19,Captain Nathaniel Dr,
Hanson,Renovation/Remodel,2026-03-19,Lance Ln,
Hanson,Gas,2026-03-19,Wagon Trl,
Hanson,Renovation/Remodel,2026-03-19,Main St,
Hanson,Plumbing,2026-03-19,Wagon Trl,
Hanson,Electrical,2026-03-19,Spring St,
Hanson,Electrical,2026-03-18,Whitman St,
Hanson,Electrical,2026-03-18,Woodbine Av,
Hanson,Renovation/Remodel,2026-03-17,West Washington St,
Hanson,Electrical,2026-03-17,West Washington St,
Hanson,Renovation/Remodel,2026-03-16,Whitman St,
Hanson,Renovation/Remodel,2026-03-16,William Way,
Hanson,Gas,2026-03-16,Blueberry Ln,
Hanson,Renovation/Remodel,2026-03-16,Reed St,
Hanson,Plumbing,2026-03-16,Blueberry Ln,
Hanson,Renovation/Remodel,2026-03-16,Tavern Waye,
Hanson,Renovation/Remodel,2026-03-15,Fairwood Dr,
Hanson,Renovation/Remodel,2026-03-15,Boston Av,
Hanson,Electrical,2026-03-13,Lakeside Rd,
Hanson,Renovation/Remodel,2026-03-13,Lakeside Rd,
Hanson,Electrical,2026-03-13,Winslow Dr,
Hanson,Renovation/Remodel,2026-03-12,Brook St,
Hanson,Gas,2026-03-12,Main St,
Hanson,Renovation/Remodel,2026-03-12,Crescent Pl,
Hanson,Plumbing,2026-03-12,Elm St,
Hanson,Renovation/Remodel,2026-03-12,Spring St,
Hanson,Electrical,2026-03-12,Gorwin Dr,
Hanson,Electrical,2026-03-11,Barbara Rd,
Hanson,Electrical,2026-03-11,Brookside Dr,
Hanson,Electrical,2026-03-11,Union St,
Hanson,Renovation/Remodel,2026-03-11,West Washington St,
Hanson,Plumbing,2026-03-10,Monponsett St,
Hanson,Plumbing,2026-03-10,King St,
Hanson,Building,2026-03-10,Monponsett St,
Hanson,Electrical,2026-03-10,Bonney Hill Ln,
Hanson,Sign/Awning,2026-03-10,County Rd,
Hanson,Plumbing,2026-03-09,Milford St,
Hanson,Renovation/Remodel,2026-03-09,Woodbine Avenue Ext,
Hanson,Electrical,2026-03-09,Surrey Ln,
Hanson,Gas,2026-03-09,Milford St,
Hanson,Plumbing,2026-03-09,Gorwin Dr,
Hanson,Renovation/Remodel,2026-03-09,Maquan St,
Hanson,Renovation/Remodel,2026-03-09,Surrey Ln,
Hanson,Gas,2026-03-09,Gorwin Dr,
Hanson,Gas,2026-03-06,Independence Av,
Hanson,HVAC,2026-03-06,County Rd,
Hanson,Plumbing,2026-03-06,Winter St,
Hanson,Electrical,2026-03-05,Monponsett St,
Hanson,HVAC,2026-03-05,Blueberry Lane,
Hanson,Building,2026-03-05,Franklin St,
Hanson,HVAC,2026-03-05,Blueberry,
Hanson,Electrical,2026-03-05,Elm St,
Hanson,Building,2026-03-05,Robinson St,
Hanson,Electrical,2026-03-04,Gorwin Dr,
Hanson,Plumbing,2026-03-03,Woodbine Av,
Hanson,Renovation/Remodel,2026-03-03,Monponsett St,
Hanson,Renovation/Remodel,2026-03-03,State St,
Hanson,Plumbing,2026-03-03,Main St,
Hanson,Electrical,2026-03-02,Monponsett St,
Hanson,Plumbing,2026-03-02,Gorwin Dr,
Hanson,Renovation/Remodel,2026-02-28,Winter St,
